,0,1
0,v01p001,ch01pa01
1,v01p002,ch01pa02
2,v01p003,ch01pa04
3,v01p004,ch01pa05
4,v01p005,ch01pa06
5,v01p006,ch01pa07
6,v01p007,ch01pa08
7,v01p008,ch01pa09
8,v01p009,ch01pa10
9,v01p010,ch01pa11
10,v01p011,ch01pa12
11,v01p012,ch01pa14
12,v01p014,ch01pa15
13,v01p015,ch01pa16
14,v01p017,ch01pa17
15,v01p018,ch01pa18
16,v01p019,ch01pa19
17,v01p020,ch01pa20
18,v01p021,ch01pa21
19,v01p022,ch01pa22
20,v01p024,ch01pa23
21,v01p025,ch01pa26
22,v01p026,ch01pa27
23,v01p027,ch01pa28
24,v01p028,ch01pa30
25,v01p029,ch01pa32
26,v01p030,ch01pa34
27,v01p031,ch01pa35
28,v01p032,ch01pa37
29,v01p033,ch01pa38
30,v01p034,ch01pa39
31,v01p035,ch02pa01
32,v01p036,ch02pa03
33,v01p037,ch02pa04
34,v01p038,ch02pa05
35,v01p039,ch02pa06
36,v01p040,ch02pa07
37,v01p041,ch02pa08
38,v01p043,ch02pa09
39,v01p044,ch02pa10
40,v01p046,ch02pa12
41,v01p049,ch02pa13
42,v01p051,ch02pa15
43,v01p052,ch02pa16
44,v01p053,ch02pa17
45,v01p054,ch02pa18
46,v01p055,ch02pa20
47,v01p056,ch02pa21
48,v01p057,ch02pa22
49,v01p059,ch02pa23
50,v01p060,ch02pa24
51,v01p063,ch02pa25
52,v01p065,ch02pa26
53,v01p068,ch02pa27
54,v01p071,ch02pa29
55,v01p072,ch02pa31
56,v01p073,ch02pa32
57,v01p075,ch03pa01
58,v01p076,ch03pa03
59,v01p077,ch03pa04
60,v01p078,ch03pa06
61,v01p080,ch03pa07
62,v01p081,ch03pa09
63,v01p083,ch03pa11
64,v01p084,ch03pa12
65,v01p085,ch03pa13
66,v01p086,ch03pa14
67,v01p087,ch03pa15
68,v01p089,ch03pa17
69,v01p090,ch03pa18
70,v01p091,ch03pa20
71,v01p092,ch03pa22
72,v01p093,ch03pa23
73,v01p094,ch03pa24
74,v01p095,ch03pa26
75,v01p096,ch03pa27
76,v01p097,ch03pa28
77,v01p098,ch03pa29
78,v01p099,ch03pa31
79,v01p100,ch03pa32
80,v01p101,ch03pa34
81,v01p102,ch03pa36
82,v01p104,ch03pa37
83,v01p106,ch04pa01
84,v01p107,ch04pa03
85,v01p108,ch04pa04
86,v01p109,ch04pa05
87,v01p110,ch04pa07
88,v01p111,ch04pa09
89,v01p112,ch04pa10
90,v01p113,ch04pa12
91,v01p114,ch04pa13
92,v01p115,ch04pa14
93,v01p116,ch04pa15
94,v01p117,ch04pa16
95,v01p118,ch04pa17
96,v01p119,ch04pa18
97,v01p120,ch04pa19
98,v01p122,ch04pa20
99,v01p123,ch04pa21
100,v01p124,ch04pa22
101,v01p125,ch04pa23
102,v01p126,ch04pa24
103,v01p127,ch04pa26
104,v01p128,ch04pa27
105,v01p129,ch04pa28
106,v01p130,ch04pa30
107,v01p132,ch05pa01
108,v01p133,ch05pa02
109,v01p134,ch05pa03
110,v01p135,ch05pa04
111,v01p136,ch05pa06
112,v01p137,ch05pa07
113,v01p138,ch05pa08
114,v01p139,ch05pa10
115,v01p140,ch05pa11
116,v01p142,ch05pa12
117,v01p143,ch05pa14
118,v01p144,ch05pa15
119,v01p145,ch05pa17
120,v01p146,ch05pa18
121,v01p147,ch05pa19
122,v01p148,ch05pa21
123,v01p149,ch05pa22
124,v01p150,ch05pa24
125,v01p151,ch05pa25
126,v01p152,ch05pa26
127,v01p153,ch05pa27
128,v01p154,ch05pa28
129,v01p155,ch05pa30
130,v01p156,ch05pa31
131,v01p157,ch05pa32
132,v01p158,ch05pa33
133,v01p159,ch05pa34
134,v01p161,ch05pa36
135,v01p162,ch06pa01
136,v01p163,ch06pa03
137,v01p164,ch06pa04
138,v01p165,ch06pa05
139,v01p166,ch06pa06
140,v01p167,ch06pa07
141,v01p168,ch06pa08
142,v01p169,ch06pa09
143,v01p170,ch06pa10
144,v01p171,ch06pa11
145,v01p173,ch06pa12
146,v01p175,ch06pa14
147,v01p176,ch06pa15
148,v01p178,ch06pa16
149,v01p179,ch06pa17
150,v01p180,ch06pa18
151,v01p181,ch06pa20
152,v01p183,ch06pa21
153,v01p184,ch06pa22
154,v01p185,ch06pa23
155,v01p186,ch06pa24
156,v01p187,ch06pa26
157,v01p188,ch06pa27
158,v01p189,ch06pa28
159,v01p190,ch06pa29
160,v01p191,ch06pa30
161,v01p193,ch06pa32
162,v01p194,ch06pa33
163,v01p195,ch06pa35
164,v01p196,ch06pa36
165,v01p197,ch06pa38
166,v01p199,ch06pa39
167,v01p201,ch06pa40
168,v01p202,ch06pa41
169,v01p203,ch06pa42
170,v01p204,ch06pa43
171,v01p205,ch06pa44
172,v01p206,ch06pa46
173,v01p207,ch06pa48
174,v01p208,ch06pa49
175,v01p209,ch06pa51
176,v01p210,ch06pa52
177,v01p211,ch06pa53
178,v01p212,ch06pa54
179,v01p213,ch06pa56
180,v01p214,ch07pa01
181,v01p215,ch07pa03
182,v01p216,ch07pa04
183,v01p217,ch07pa05
184,v01p218,ch07pa07
185,v01p219,ch07pa08
186,v01p221,ch07pa09
187,v01p222,ch07pa10
188,v01p223,ch07pa11
189,v01p224,ch07pa12
190,v01p226,ch07pa13
191,v01p227,ch07pa15
192,v01p228,ch07pa16
193,v01p229,ch07pa17
194,v01p230,ch07pa18
195,v01p231,ch07pa19
196,v01p232,ch07pa20
197,v01p233,ch07pa21
198,v01p234,ch07pa22
199,v01p236,ch07pa23
200,v01p238,ch07pa25
201,v01p239,ch07pa27
202,v01p240,ch07pa28
203,v01p241,ch07pa29
204,v01p242,ch07pa30
205,v01p243,ch07pa31
206,v01p245,ch07pa32
207,v01p246,ch07pa33
208,v01p248,ch07pa35
209,v01p250,ch08pa01
210,v01p252,ch08pa03
211,v01p253,ch08pa04
212,v01p254,ch08pa05
213,v01p256,ch08pa06
214,v01p257,ch08pa07
215,v01p258,ch08pa09
216,v01p259,ch08pa10
217,v01p260,ch08pa11
218,v01p261,ch08pa12
219,v01p263,ch08pa13
220,v01p264,ch08pa14
221,v01p265,ch08pa15
222,v01p266,ch08pa16
223,v01p267,ch08pa17
224,v01p268,ch08pa18
225,v01p270,ch08pa19
226,v01p271,ch08pa20
227,v01p272,ch08pa21
228,v01p273,ch09pa01
229,v01p274,ch09pa02
230,v01p275,ch09pa03
231,v01p276,ch09pa04
232,v01p277,ch09pa05
233,v01p278,ch09pa06
234,v01p279,ch09pa07
235,v01p280,ch09pa08
236,v01p282,ch09pa09
237,v01p283,ch09pa10
238,v01p284,ch09pa11
239,v01p285,ch09pa12
240,v01p286,ch09pa13
241,v01p287,ch09pa14
242,v01p288,ch09pa15
243,v01p289,ch09pa16
244,v01p291,ch09pa18
245,v01p293,ch09pa20
246,v01p294,ch09pa21
247,v01p295,ch09pa22
248,v01p296,ch09pa24
249,v01p297,ch09pa25
250,v01p299,ch09pa26
251,v01p300,ch09pa28
252,v01p302,ch09pa29
253,v01p305,ch1n1pa01
254,v02p001,ch10pa01
255,v02p002,ch10pa02
256,v02p003,ch10pa03
257,v02p004,ch10pa04
258,v02p005,ch10pa05
259,v02p006,ch10pa06
260,v02p007,ch10pa08
261,v02p008,ch10pa09
262,v02p009,ch10pa10
263,v02p010,ch10pa11
264,v02p011,ch10pa12
265,v02p012,ch10pa13
266,v02p014,ch10pa14
267,v02p015,ch10pa15
268,v02p016,ch10pa16
269,v02p018,ch10pa17
270,v02p020,ch10pa19
271,v02p021,ch10pa20
272,v02p022,ch10pa21
273,v02p023,ch10pa22
274,v02p025,ch10pa23
275,v02p026,ch10pa25
276,v02p027,ch10pa26
277,v02p028,ch10pa27
278,v02p029,ch10pa28
279,v02p030,ch10pa30
280,v02p031,ch10pa31
281,v02p033,ch10pa32
282,v02p034,ch10pa34
283,v02p035,ch10pa35
284,v02p036,ch10pa36
285,v02p038,ch10pa37
286,v02p040,ch10pa38
287,v02p041,ch10pa39
288,v02p042,ch10pa40
289,v02p044,ch10pa42
290,v02p045,ch10pa43
291,v02p047,ch10pa44
292,v02p049,ch10pa46
293,v02p050,ch10pa47
294,v02p051,ch10pa48
295,v02p052,ch10pa49
296,v02p053,ch10pa50
297,v02p054,ch10pa51
298,v02p055,ch10pa53
299,v02p056,ch10pa54
300,v02p057,ch10pa55
301,v02p058,ch10pa56
302,v02p059,ch11pa01
303,v02p060,ch11pa03
304,v02p061,ch11pa04
305,v02p063,ch11pa05
306,v02p064,ch11pa06
307,v02p065,ch11pa08
308,v02p066,ch11pa09
309,v02p067,ch11pa10
310,v02p068,ch11pa11
311,v02p069,ch11pa12
312,v02p070,ch11pa13
313,v02p071,ch11pa14
314,v02p072,ch11pa16
315,v02p073,ch11pa17
316,v02p074,ch11pa18
317,v02p075,ch11pa19
318,v02p076,ch11pa20
319,v02p077,ch11pa21
320,v02p078,ch11pa23
321,v02p079,ch11pa24
322,v02p080,ch11pa25
323,v02p081,ch11pa26
324,v02p082,ch11pa27
325,v02p083,ch11pa28
326,v02p084,ch11pa30
327,v02p085,ch11pa31
328,v02p087,ch11pa33
329,v02p088,ch11pa35
330,v02p089,ch11pa36
331,v02p090,ch11pa37
332,v02p091,ch11pa38
333,v02p092,ch11pa39
334,v02p093,ch11pa41
335,v02p095,ch11pa42
336,v02p096,ch11pa43
337,v02p097,ch11pa44
338,v02p098,ch11pa45
339,v02p099,ch11pa46
340,v02p100,ch11pa47
341,v02p102,ch12pa01
342,v02p103,ch12pa02
343,v02p104,ch12pa03
344,v02p105,ch12pa04
345,v02p106,ch12pa06
346,v02p107,ch12pa07
347,v02p108,ch12pa08
348,v02p109,ch12pa09
349,v02p110,ch12pa11
350,v02p111,ch12pa12
351,v02p112,ch12pa13
352,v02p113,ch12pa15
353,v02p114,ch12pa16
354,v02p116,ch12pa17
355,v02p117,ch12pa18
356,v02p119,ch12pa19
357,v02p120,ch12pa20
358,v02p121,ch12pa21
359,v02p123,ch12pa22
360,v02p125,ch12pa24
361,v02p126,ch12pa26
362,v02p127,ch12pa27
363,v02p128,ch12pa28
364,v02p129,ch12pa29
365,v02p130,ch12pa30
366,v02p131,ch12pa32
367,v02p132,ch12pa33
368,v02p133,ch12pa34
369,v02p134,ch12pa35
370,v02p135,ch12pa36
371,v02p137,ch12pa38
372,v02p139,ch12pa39
373,v02p141,ch12pa41
374,v02p142,ch12pa42
375,v02p144,ch13pa01
376,v02p146,ch13pa02
377,v02p148,ch13pa04
378,v02p150,ch13pa05
379,v02p151,ch13pa06
380,v02p152,ch13pa07
381,v02p153,ch13pa08
382,v02p154,ch13pa09
383,v02p155,ch13pa10
384,v02p156,ch13pa11
385,v02p157,ch13pa12
386,v02p158,ch13pa13
387,v02p159,ch13pa14
388,v02p160,ch13pa15
389,v02p163,ch13pa16
390,v02p164,ch13pa17
391,v02p165,ch13pa19
392,v02p167,ch13pa20
393,v02p168,ch13pa21
394,v02p170,ch13pa22
395,v02p172,ch13pa23
396,v02p173,ch13pa24
397,v02p174,ch13pa25
398,v02p175,ch13pa26
399,v02p177,ch13pa27
400,v02p178,ch13pa28
401,v02p181,ch13pa29
402,v02p183,ch13pa30
403,v02p184,ch13pa31
404,v02p186,ch13pa32
405,v02p188,ch13pa33
406,v02p189,ch13pa34
407,v02p190,ch13pa35
408,v02p191,ch13pa36
409,v02p192,ch13pa37
410,v02p193,ch13pa38
411,v02p195,ch13pa39
412,v02p196,ch13pa40
413,v02p197,ch13pa41
414,v02p198,ch13pa42
415,v02p200,ch14pa01
416,v02p201,ch14pa03
417,v02p202,ch14pa04
418,v02p203,ch14pa05
419,v02p204,ch14pa06
420,v02p206,ch14pa07
421,v02p208,ch14pa08
422,v02p209,ch14pa09
423,v02p211,ch14pa10
424,v02p212,ch14pa11
425,v02p214,ch14pa12
426,v02p215,ch14pa13
427,v02p217,ch14pa14
428,v02p219,ch14pa16
429,v02p221,ch14pa17
430,v02p223,ch14pa18
431,v02p224,ch14pa19
432,v02p226,ch14pa20
433,v02p228,ch14pa21
434,v02p229,ch14pa22
435,v02p231,ch14pa23
436,v02p233,ch14pa24
437,v02p234,ch14pa25
438,v02p237,ch14pa26
439,v02p238,ch14pa27
440,v02p240,ch14pa28
441,v02p241,ch14pa29
442,v02p245,ch14pa30
443,v02p246,ch14pa31
444,v02p247,ch14pa32
445,v02p249,ch14pa33
446,v02p252,ch14pa34
447,v02p253,ch14pa35
448,v02p255,ch14pa36
449,v02p257,ch14pa37
450,v02p258,ch14pa38
451,v02p260,ch14pa39
452,v02p261,ch15pa01
453,v02p262,ch15pa03
454,v02p263,ch15pa04
455,v02p264,ch15pa05
456,v02p265,ch15pa06
457,v02p267,ch15pa07
458,v02p268,ch15pa08
459,v02p270,ch15pa09
460,v02p272,ch15pa10
461,v02p274,ch15pa11
462,v02p276,ch15pa12
463,v02p278,ch15pa13
464,v02p280,ch15pa14
465,v02p282,ch15pa15
466,v02p283,ch15pa16
467,v02p284,ch15pa17
468,v02p285,ch15pa18
469,v02p287,ch15pa19
470,v02p288,ch15pa20
471,v02p289,ch15pa21
472,v02p291,ch15pa22
473,v02p293,ch15pa23
474,v02p294,ch15pa24
475,v02p295,ch15pa25
476,v02p297,ch15pa26
477,v02p299,ch15pa27
478,v02p300,ch15pa28
479,v02p301,ch15pa30
480,v02p302,ch15pa31
481,v02p303,ch15pa32
482,v02p305,ch15pa34
483,v02p307,ch15pa35
484,v02p308,ch15pa36
485,v02p310,ch15pa37
486,v02p311,ch15pa38
487,v02p313,ch15pa39
488,v02p314,ch15pa40
489,v02p316,ch15pa41
490,v02p318,ch15pa42
491,v02p319,ch15pa43
492,v02p322,ch15pa44
493,v02p323,ch15pa45
494,v02p325,ch15pa46
495,v02p326,ch15pa47
496,v02p327,ch15pa48
497,v02p329,ch15pa49
498,v02p330,ch15pa50
499,v02p332,ch15pa51
500,v02p333,ch15pa52
501,v02p334,ch15pa53
502,v02p336,ch15pa54
503,v02p337,ch15pa55
504,v02p339,ch15pa56
505,v02p341,ch15pa57
506,v02p342,ch15pa58
507,v02p344,ch15pa60
508,v02p345,ch15pa61
509,v02p346,ch15pa63
510,v02p347,ch15pa64
511,v02p349,ch10n1pa01
512,v03p001,ch16pa01
513,v03p002,ch16pa02
514,v03p003,ch16pa04
515,v03p004,ch16pa05
516,v03p005,ch16pa06
517,v03p007,ch16pa07
518,v03p008,ch16pa08
519,v03p009,ch16pa09
520,v03p011,ch16pa10
521,v03p012,ch16pa11
522,v03p014,ch16pa12
523,v03p015,ch16pa13
524,v03p017,ch16pa14
525,v03p020,ch16pa15
526,v03p024,ch16pa17
527,v03p026,ch16pa18
528,v03p027,ch16pa19
529,v03p028,ch16pa20
530,v03p030,ch16pa21
531,v03p031,ch16pa22
532,v03p033,ch16pa23
533,v03p036,ch16pa24
534,v03p038,ch16pa25
535,v03p039,ch16pa26
536,v03p040,ch16pa27
537,v03p041,ch16pa28
538,v03p043,ch16pa29
539,v03p045,ch16pa30
540,v03p046,ch16pa31
541,v03p047,ch16pa32
542,v03p048,ch16pa33
543,v03p050,ch16pa34
544,v03p051,ch16pa35
545,v03p053,ch16pa36
546,v03p055,ch16pa37
547,v03p056,ch16pa38
548,v03p057,ch16pa39
549,v03p059,ch16pa40
550,v03p060,ch16pa41
551,v03p063,ch16pa42
552,v03p064,ch16pa43
553,v03p065,ch16pa44
554,v03p066,ch16pa45
555,v03p068,ch16pa46
556,v03p070,ch16pa48
557,v03p071,ch16pa49
558,v03p072,ch16pa50
559,v03p073,ch16pa51
560,v03p074,ch16pa52
561,v03p075,ch16pa53
562,v03p076,ch16pa54
563,v03p078,ch16pa55
564,v03p079,ch16pa56
565,v03p080,ch16pa57
566,v03p082,ch16pa59
567,v03p085,ch16pa61
568,v03p086,ch16pa62
569,v03p089,ch17pa01
570,v03p091,ch17pa03
571,v03p093,ch17pa05
572,v03p094,ch17pa06
573,v03p095,ch17pa07
574,v03p097,ch17pa08
575,v03p098,ch17pa09
576,v03p100,ch17pa10
577,v03p102,ch17pa11
578,v03p103,ch17pa12
579,v03p106,ch17pa13
580,v03p108,ch17pa14
581,v03p110,ch17pa15
582,v03p112,ch17pa16
583,v03p113,ch17pa17
584,v03p114,ch17pa18
585,v03p115,ch17pa19
586,v03p119,ch17pa20
587,v03p121,ch17pa21
588,v03p122,ch17pa22
589,v03p124,ch17pa23
590,v03p126,ch17pa24
591,v03p128,ch17pa25
592,v03p130,ch17pa26
593,v03p133,ch17pa27
594,v03p136,ch17pa28
595,v03p138,ch17pa29
596,v03p139,ch17pa30
597,v03p141,ch17pa31
598,v03p143,ch17pa32
599,v03p150,ch17pa33
600,v03p151,ch17pa34
601,v03p153,ch17pa35
602,v03p154,ch17pa36
603,v03p158,ch17pa37
604,v03p160,ch17pa38
605,v03p164,ch17pa39
606,v03p165,ch17pa40
607,v03p166,ch17pa41
608,v03p168,ch18pa01
609,v03p169,ch18pa02
610,v03p170,ch18pa03
611,v03p172,ch18pa04
612,v03p174,ch18pa05
613,v03p175,ch18pa06
614,v03p176,ch18pa07
615,v03p178,ch18pa08
616,v03p181,ch18pa09
617,v03p182,ch18pa10
618,v03p184,ch18pa11
619,v03p185,ch18pa12
620,v03p187,ch18pa13
621,v03p188,ch18pa14
622,v03p189,ch18pa15
623,v03p191,ch18pa16
624,v03p192,ch18pa17
625,v03p193,ch18pa18
626,v03p195,ch18pa19
627,v03p196,ch18pa20
628,v03p197,ch18pa21
629,v03p199,ch18pa22
630,v03p202,ch18pa23
631,v03p205,ch18pa24
632,v03p206,ch18pa25
633,v03p208,ch18pa26
634,v03p209,ch18pa27
635,v03p211,ch18pa28
636,v03p213,ch18pa29
637,v03p215,ch18pa30
638,v03p218,ch18pa31
639,v03p219,ch18pa32
640,v03p223,ch19pa01
641,v03p225,ch19pa02
642,v03p227,ch19pa03
643,v03p229,ch19pa04
644,v03p231,ch19pa05
645,v03p232,ch19pa06
646,v03p234,ch19pa07
647,v03p236,ch19pa08
648,v03p238,ch19pa09
649,v03p239,ch19pa10
650,v03p240,ch19pa11
651,v03p242,ch19pa12
652,v03p244,ch19pa13
653,v03p245,ch19pa14
654,v03p249,ch19pa15
655,v03p252,ch19pa16
656,v03p254,ch19pa17
657,v03p256,ch19pa18
658,v03p257,ch19pa19
659,v03p259,ch19pa20
660,v03p261,ch19pa21
661,v03p263,ch19pa22
662,v03p264,ch19pa23
663,v03p266,ch19pa24
664,v03p269,ch19pa25
665,v03p271,ch19pa26
666,v03p273,ch19pa27
667,v03p275,ch19pa28
668,v03p277,ch19pa29
669,v03p279,ch20pa01
670,v03p282,ch20pa03
671,v03p283,ch20pa04
672,v03p284,ch20pa05
673,v03p286,ch20pa06
674,v03p287,ch20pa07
675,v03p289,ch20pa08
676,v03p290,ch20pa09
677,v03p292,ch20pa10
678,v03p293,ch20pa11
679,v03p296,ch20pa12
680,v03p299,ch20pa13
681,v03p301,ch20pa14
682,v03p305,ch20pa15
683,v03p306,ch20pa16
684,v03p308,ch20pa17
685,v03p312,ch20pa18
686,v03p314,ch20pa20
687,v03p315,ch20pa21
688,v03p317,ch20pa22
689,v03p320,ch20pa23
690,v03p323,ch20pa24
691,v03p325,ch20pa25
692,v03p327,ch20pa26
693,v03p329,ch20pa27
694,v03p332,ch21pa01
695,v03p334,ch21pa02
696,v03p336,ch21pa03
697,v03p338,ch21pa04
698,v03p339,ch21pa05
699,v03p340,ch21pa06
700,v03p341,ch21pa07
701,v03p344,ch21pa08
702,v03p345,ch21pa09
703,v03p348,ch21pa10
704,v03p351,ch21pa11
705,v03p353,ch21pa12
706,v03p356,ch21pa13
707,v03p358,ch21pa14
708,v03p361,ch21pa15
709,v03p363,ch21pa16
710,v03p366,ch21pa18
711,v03p367,ch21pa19
712,v03p369,ch21pa20
713,v03p372,ch21pa21
714,v03p374,ch21pa22
715,v03p375,ch21pa23
716,v03p377,ch21pa24
717,v03p379,ch21pa25
718,v03p381,ch21pa26
719,v03p383,ch21pa27
720,v03p384,ch21pa28
721,v03p386,ch21pa29
722,v03p388,ch21pa30
723,v03p389,ch21pa31
724,v03p392,ch21pa32
725,v03p393,ch21pa33
726,v03p396,ch21pa34
727,v03p398,ch21pa35
728,v03p400,ch21pa36
729,v03p402,ch21pa37
730,v03p404,ch21pa38
731,v03p407,ch21pa39
732,v03p408,ch21pa40
733,v03p409,ch21pa41
734,v03p411,ch21pa42
735,v03p413,ch21pa43
736,v03p415,ch16n1pa01
737,v04p001,ch22pa01
738,v04p003,ch22pa02
739,v04p006,ch22pa03
740,v04p007,ch22pa04
741,v04p009,ch22pa05
742,v04p011,ch22pa06
743,v04p012,ch22pa07
744,v04p014,ch22pa08
745,v04p017,ch22pa09
746,v04p018,ch22pa10
747,v04p022,ch22pa11
748,v04p024,ch22pa12
749,v04p025,ch22pa13
750,v04p028,ch22pa14
751,v04p031,ch22pa15
752,v04p034,ch22pa16
753,v04p035,ch22pa17
754,v04p037,ch22pa18
755,v04p039,ch22pa19
756,v04p042,ch22pa20
757,v04p044,ch22pa21
758,v04p046,ch23pa01
759,v04p047,ch23pa02
760,v04p050,ch23pa03
761,v04p052,ch23pa04
762,v04p053,ch23pa05
763,v04p055,ch23pa06
764,v04p056,ch23pa07
765,v04p058,ch23pa08
766,v04p060,ch23pa09
767,v04p061,ch23pa10
768,v04p063,ch23pa11
769,v04p065,ch23pa12
770,v04p068,ch23pa13
771,v04p070,ch23pa14
772,v04p072,ch23pa15
773,v04p074,ch23pa16
774,v04p075,ch23pa17
775,v04p077,ch23pa18
776,v04p080,ch23pa19
777,v04p082,ch23pa20
778,v04p084,ch23pa21
779,v04p085,ch23pa22
780,v04p087,ch23pa23
781,v04p089,ch23pa24
782,v04p091,ch23pa25
783,v04p094,ch23pa26
784,v04p095,ch23pa27
785,v04p098,ch23pa28
786,v04p099,ch23pa29
787,v04p100,ch23pa30
788,v04p102,ch23pa31
789,v04p106,ch24pa01
790,v04p108,ch24pa02
791,v04p110,ch24pa03
792,v04p111,ch24pa04
793,v04p115,ch24pa05
794,v04p117,ch24pa06
795,v04p119,ch24pa07
796,v04p121,ch24pa08
797,v04p123,ch24pa09
798,v04p125,ch24pa10
799,v04p127,ch24pa11
800,v04p129,ch24pa12
801,v04p131,ch24pa13
802,v04p133,ch24pa14
803,v04p136,ch24pa15
804,v04p138,ch24pa16
805,v04p141,ch24pa17
806,v04p143,ch24pa18
807,v04p146,ch24pa19
808,v04p148,ch24pa20
809,v04p150,ch24pa21
810,v04p152,ch24pa22
811,v04p155,ch24pa23
812,v04p157,ch24pa24
813,v04p160,ch24pa25
814,v04p162,ch24pa26
815,v04p163,ch24pa27
816,v04p165,ch24pa28
817,v04p166,ch24pa29
818,v04p169,ch24pa30
819,v04p171,ch24pa31
820,v04p173,ch25pa01
821,v04p176,ch25pa02
822,v04p177,ch25pa03
823,v04p180,ch25pa04
824,v04p182,ch25pa05
825,v04p185,ch25pa06
826,v04p186,ch25pa07
827,v04p190,ch25pa08
828,v04p192,ch25pa09
829,v04p196,ch25pa10
830,v04p198,ch25pa11
831,v04p201,ch25pa12
832,v04p202,ch25pa13
833,v04p205,ch25pa14
834,v04p207,ch25pa15
835,v04p209,ch25pa16
836,v04p212,ch25pa17
837,v04p213,ch25pa18
838,v04p216,ch25pa19
839,v04p217,ch25pa20
840,v04p220,ch25pa21
841,v04p223,ch25pa22
842,v04p226,ch25pa23
843,v04p229,ch25pa24
844,v04p231,ch25pa25
845,v04p233,ch25pa26
846,v04p236,ch25pa27
847,v04p239,ch25pa29
848,v04p242,ch25pa30
849,v04p245,ch25pa31
850,v04p247,ch25pa32
851,v04p249,ch25pa33
852,v04p251,ch25pa34
853,v04p254,ch25pa35
854,v04p256,ch25pa36
855,v04p259,ch26pa01
856,v04p261,ch26pa02
857,v04p263,ch26pa03
858,v04p265,ch26pa04
859,v04p267,ch26pa05
860,v04p269,ch26pa06
861,v04p272,ch26pa07
862,v04p275,ch26pa08
863,v04p278,ch26pa09
864,v04p281,ch26pa10
865,v04p284,ch26pa11
866,v04p286,ch26pa12
867,v04p290,ch26pa13
868,v04p292,ch26pa14
869,v04p295,ch26pa15
870,v04p297,ch26pa16
871,v04p302,ch26pa17
872,v04p305,ch26pa18
873,v04p306,ch26pa19
874,v04p309,ch26pa20
875,v04p312,ch26pa21
876,v04p315,ch26pa22
877,v04p316,ch26pa23
878,v04p318,ch26pa24
879,v04p320,ch26pa25
880,v04p321,ch26pa26
881,v04p323,ch26pa27
882,v04p326,ch26pa28
883,v04p329,ch26pa29
884,v04p333,ch26pa30
885,v04p335,ch26pa31
886,v04p337,ch26pa32
887,v04p339,ch22n1pa01
888,v05p001,ch27pa01
889,v05p004,ch27pa03
890,v05p006,ch27pa04
891,v05p008,ch27pa05
892,v05p010,ch27pa06
893,v05p013,ch27pa07
894,v05p017,ch27pa08
895,v05p020,ch27pa09
896,v05p022,ch27pa10
897,v05p024,ch27pa11
898,v05p026,ch27pa12
899,v05p029,ch27pa13
900,v05p031,ch27pa14
901,v05p032,ch27pa15
902,v05p034,ch27pa16
903,v05p037,ch27pa17
904,v05p039,ch27pa18
905,v05p041,ch27pa19
906,v05p043,ch27pa20
907,v05p045,ch27pa21
908,v05p046,ch27pa22
909,v05p050,ch27pa23
910,v05p052,ch27pa24
911,v05p054,ch27pa25
912,v05p056,ch27pa26
913,v05p057,ch27pa27
914,v05p060,ch27pa28
915,v05p063,ch27pa29
916,v05p066,ch27pa30
917,v05p068,ch27pa31
918,v05p069,ch27pa32
919,v05p071,ch28pa01
920,v05p072,ch28pa02
921,v05p075,ch28pa03
922,v05p077,ch28pa04
923,v05p080,ch28pa05
924,v05p084,ch28pa06
925,v05p086,ch28pa07
926,v05p090,ch28pa08
927,v05p092,ch28pa09
928,v05p094,ch28pa10
929,v05p096,ch28pa11
930,v05p099,ch28pa12
931,v05p102,ch28pa15
932,v05p104,ch28pa16
933,v05p107,ch29pa01
934,v05p108,ch29pa02
935,v05p112,ch29pa03
936,v05p115,ch29pa04
937,v05p117,ch29pa05
938,v05p121,ch29pa06
939,v05p124,ch29pa07
940,v05p126,ch29pa08
941,v05p128,ch29pa09
942,v05p129,ch29pa10
943,v05p132,ch29pa11
944,v05p134,ch29pa12
945,v05p137,ch30pa01
946,v05p139,ch30pa02
947,v05p143,ch30pa03
948,v05p145,ch30pa04
949,v05p148,ch30pa05
950,v05p150,ch30pa06
951,v05p152,ch30pa07
952,v05p154,ch30pa08
953,v05p156,ch30pa09
954,v05p159,ch30pa10
955,v05p160,ch30pa11
956,v05p161,ch30pa12
957,v05p163,ch30pa13
958,v05p165,ch30pa14
959,v05p167,ch30pa15
960,v05p169,ch30pa16
961,v05p172,ch30pa17
962,v05p173,ch30pa18
963,v05p175,ch30pa19
964,v05p177,ch30pa20
965,v05p180,ch30pa21
966,v05p181,ch30pa22
967,v05p183,ch30pa23
968,v05p185,ch30pa24
969,v05p187,ch30pa25
970,v05p189,ch30pa26
971,v05p191,ch30pa27
972,v05p195,ch31pa01
973,v05p197,ch31pa02
974,v05p199,ch31pa03
975,v05p200,ch31pa04
976,v05p202,ch31pa05
977,v05p204,ch31pa06
978,v05p206,ch31pa07
979,v05p208,ch31pa08
980,v05p216,ch31pa09
981,v05p218,ch31pa10
982,v05p219,ch31pa11
983,v05p220,ch31pa12
984,v05p222,ch31pa13
985,v05p225,ch31pa14
986,v05p228,ch31pa15
987,v05p231,ch31pa16
988,v05p232,ch31pa17
989,v05p235,ch31pa18
990,v05p237,ch31pa19
991,v05p239,ch31pa20
992,v05p241,ch31pa21
993,v05p242,ch31pa22
994,v05p243,ch31pa23
995,v05p247,ch31pa24
996,v05p250,ch31pa25
997,v05p252,ch31pa26
998,v05p255,ch31pa27
999,v05p256,ch31pa28
1000,v05p258,ch31pa29
1001,v05p260,ch31pa30
1002,v05p262,ch31pa31
1003,v05p263,ch31pa32
1004,v05p265,ch31pa33
1005,v05p267,ch31pa34
1006,v05p268,ch31pa35
1007,v05p271,ch31pa36
1008,v05p274,ch31pa37
1009,v05p275,ch31pa38
1010,v05p277,ch31pa39
1011,v05p279,ch31pa40
1012,v05p280,ch31pa41
1013,v05p282,ch31pa42
1014,v05p286,ch31pa43
1015,v05p288,ch32pa01
1016,v05p290,ch32pa02
1017,v05p293,ch32pa03
1018,v05p297,ch32pa04
1019,v05p299,ch32pa05
1020,v05p302,ch32pa06
1021,v05p304,ch32pa07
1022,v05p308,ch32pa08
1023,v05p310,ch32pa09
1024,v05p312,ch32pa10
1025,v05p314,ch32pa11
1026,v05p315,ch32pa12
1027,v05p317,ch32pa13
1028,v05p319,ch32pa14
1029,v05p320,ch32pa15
1030,v05p321,ch32pa16
1031,v05p324,ch32pa17
1032,v05p326,ch32pa18
1033,v05p329,ch32pa19
1034,v05p331,ch32pa20
1035,v05p335,ch33pa01
1036,v05p337,ch33pa02
1037,v05p338,ch33pa03
1038,v05p340,ch33pa04
1039,v05p343,ch33pa05
1040,v05p345,ch33pa06
1041,v05p346,ch33pa07
1042,v05p348,ch33pa08
1043,v05p349,ch33pa09
1044,v05p350,ch33pa10
1045,v05p352,ch33pa11
1046,v05p354,ch33pa12
1047,v05p355,ch33pa13
1048,v05p357,ch33pa14
1049,v05p358,ch33pa15
1050,v05p363,ch27n1pa01
1051,v06p001,ch34pa01
1052,v06p002,ch34pa02
1053,v06p003,ch34pa03
1054,v06p004,ch34pa04
1055,v06p007,ch34pa05
1056,v06p009,ch34pa06
1057,v06p011,ch34pa08
1058,v06p014,ch34pa09
1059,v06p016,ch34pa10
1060,v06p019,ch34pa11
1061,v06p021,ch34pa12
1062,v06p022,ch34pa13
1063,v06p025,ch34pa14
1064,v06p028,ch34pa15
1065,v06p030,ch34pa16
1066,v06p034,ch34pa17
1067,v06p036,ch34pa18
1068,v06p039,ch35pa01
1069,v06p040,ch35pa02
1070,v06p042,ch35pa03
1071,v06p044,ch35pa04
1072,v06p048,ch35pa05
1073,v06p051,ch35pa06
1074,v06p053,ch35pa07
1075,v06p056,ch35pa08
1076,v06p058,ch35pa09
1077,v06p061,ch35pa10
1078,v06p063,ch35pa11
1079,v06p066,ch35pa12
1080,v06p069,ch35pa13
1081,v06p074,ch35pa14
1082,v06p076,ch35pa15
1083,v06p078,ch35pa16
1084,v06p080,ch35pa17
1085,v06p081,ch35pa18
1086,v06p084,ch36pa01
1087,v06p085,ch36pa02
1088,v06p087,ch36pa03
1089,v06p089,ch36pa04
1090,v06p092,ch36pa05
1091,v06p094,ch36pa06
1092,v06p097,ch36pa07
1093,v06p099,ch36pa08
1094,v06p101,ch36pa09
1095,v06p104,ch36pa10
1096,v06p107,ch36pa11
1097,v06p109,ch36pa12
1098,v06p112,ch36pa13
1099,v06p114,ch36pa14
1100,v06p116,ch36pa15
1101,v06p118,ch36pa16
1102,v06p119,ch36pa17
1103,v06p121,ch36pa18
1104,v06p123,ch36pa19
1105,v06p126,ch36pa20
1106,v06p128,ch36pa21
1107,v06p130,ch36pa22
1108,v06p133,ch36pa23
1109,v06p136,ch36pa24
1110,v06p138,ch36pa25
1111,v06p139,ch36pa26
1112,v06p141,ch36pa27
1113,v06p143,ch36pa28
1114,v06p145,ch36pa29
1115,v06p147,ch36pa30
1116,v06p148,ch36pa31
1117,v06p151,ch36pa32
1118,v06p152,ch36pa33
1119,v06p153,ch36pa34
1120,v06p156,ch37pa01
1121,v06p158,ch37pa03
1122,v06p160,ch37pa04
1123,v06p163,ch37pa05
1124,v06p165,ch37pa06
1125,v06p167,ch37pa07
1126,v06p169,ch37pa08
1127,v06p170,ch37pa09
1128,v06p171,ch37pa10
1129,v06p173,ch37pa11
1130,v06p174,ch37pa12
1131,v06p175,ch37pa13
1132,v06p177,ch37pa14
1133,v06p178,ch37pa15
1134,v06p179,ch37pa16
1135,v06p180,ch37pa17
1136,v06p182,ch37pa18
1137,v06p184,ch37pa20
1138,v06p186,ch37pa21
1139,v06p188,ch37pa22
1140,v06p190,ch37pa23
1141,v06p196,ch37pa24
1142,v06p198,ch37pa25
1143,v06p200,ch37pa26
1144,v06p202,ch37pa28
1145,v06p204,ch37pa29
1146,v06p205,ch37pa30
1147,v06p207,ch37pa31
1148,v06p209,ch38pa01
1149,v06p211,ch38pa02
1150,v06p212,ch38pa03
1151,v06p214,ch38pa04
1152,v06p217,ch38pa05
1153,v06p219,ch38pa06
1154,v06p222,ch38pa07
1155,v06p224,ch38pa08
1156,v06p226,ch38pa09
1157,v06p227,ch38pa10
1158,v06p229,ch38pa11
1159,v06p231,ch38pa12
1160,v06p233,ch38pa13
1161,v06p235,ch38pa14
1162,v06p236,ch38pa15
1163,v06p238,ch38pa16
1164,v06p239,ch38pa17
1165,v06p242,ch38pa18
1166,v06p245,ch38pa19
1167,v06p246,ch38pa20
1168,v06p248,ch38pa21
1169,v06p250,ch38pa22
1170,v06p251,ch38pa23
1171,v06p253,ch38pa24
1172,v06p255,ch38pa25
1173,v06p257,ch38pa26
1174,v06p260,ch38pa27
1175,v06p263,ch38pa28
1176,v06p264,ch38pa29
1177,v06p265,ch38pa30
1178,v06p267,ch38pa31
1179,v06p268,ch38pa32
1180,v06p269,ch38pa33
1181,v06p270,ch38pa34
1182,v06p272,ch38pa35
1183,v06p273,ch38pa36
1184,v06p274,ch38pa37
1185,v06p275,ch38pa38
1186,v06p278,ch38pa39
1187,v06p279,ch38pa40
1188,v06p282,ch38pa41
1189,v06p284,ch38pa42
1190,v06p286,ch38pa43
1191,v06p287,ch38pa44
1192,v06p289,ch38pa45
1193,v06p290,ch38pa46
1194,v06p292,ch38pa48
1195,v06p293,ch38pa50
1196,v06p295,ch38pa51
1197,v06p296,ch38pa52
1198,v06p298,ch38pa53
1199,v06p299,ch39pa01
1200,v06p301,ch39pa03
1201,v06p303,ch39pa04
1202,v06p306,ch39pa05
1203,v06p308,ch39pa06
1204,v06p309,ch39pa07
1205,v06p311,ch39pa08
1206,v06p313,ch39pa09
1207,v06p316,ch39pa10
1208,v06p318,ch39pa11
1209,v06p321,ch39pa12
1210,v06p324,ch39pa13
1211,v06p327,ch39pa14
1212,v06p329,ch39pa15
1213,v06p331,ch39pa16
1214,v06p333,ch39pa17
1215,v06p335,ch39pa18
1216,v06p337,ch39pa19
1217,v06p339,ch39pa20
1218,v06p341,ch39pa21
1219,v06p345,ch34n1pa01
1220,v07p001,ch40pa01
1221,v07p003,ch40pa02
1222,v07p007,ch40pa03
1223,v07p010,ch40pa04
1224,v07p013,ch40pa05
1225,v07p015,ch40pa06
1226,v07p016,ch40pa07
1227,v07p018,ch40pa08
1228,v07p020,ch40pa09
1229,v07p023,ch40pa10
1230,v07p025,ch40pa11
1231,v07p027,ch40pa12
1232,v07p028,ch40pa13
1233,v07p030,ch40pa14
1234,v07p033,ch40pa15
1235,v07p036,ch40pa16
1236,v07p039,ch40pa17
1237,v07p041,ch40pa18
1238,v07p046,ch40pa19
1239,v07p048,ch40pa20
1240,v07p051,ch40pa21
1241,v07p056,ch40pa22
1242,v07p058,ch40pa23
1243,v07p062,ch40pa24
1244,v07p065,ch40pa25
1245,v07p068,ch40pa26
1246,v07p072,ch40pa27
1247,v07p073,ch40pa28
1248,v07p078,ch40pa30
1249,v07p081,ch40pa31
1250,v07p084,ch41pa01
1251,v07p085,ch41pa02
1252,v07p087,ch41pa03
1253,v07p089,ch41pa04
1254,v07p091,ch41pa05
1255,v07p094,ch41pa06
1256,v07p097,ch41pa07
1257,v07p099,ch41pa08
1258,v07p101,ch41pa09
1259,v07p104,ch41pa10
1260,v07p108,ch41pa11
1261,v07p110,ch41pa12
1262,v07p113,ch41pa13
1263,v07p115,ch41pa14
1264,v07p118,ch41pa15
1265,v07p120,ch41pa16
1266,v07p122,ch41pa17
1267,v07p123,ch41pa18
1268,v07p127,ch41pa19
1269,v07p130,ch41pa20
1270,v07p132,ch41pa21
1271,v07p135,ch41pa22
1272,v07p138,ch41pa23
1273,v07p140,ch41pa24
1274,v07p143,ch41pa25
1275,v07p146,ch41pa26
1276,v07p150,ch41pa27
1277,v07p153,ch41pa28
1278,v07p155,ch41pa29
1279,v07p158,ch41pa30
1280,v07p161,ch41pa31
1281,v07p164,ch41pa32
1282,v07p167,ch41pa33
1283,v07p170,ch41pa34
1284,v07p172,ch41pa35
1285,v07p174,ch42pa01
1286,v07p176,ch42pa02
1287,v07p180,ch42pa03
1288,v07p182,ch42pa04
1289,v07p185,ch42pa05
1290,v07p189,ch42pa06
1291,v07p192,ch42pa07
1292,v07p196,ch42pa08
1293,v07p198,ch42pa09
1294,v07p201,ch42pa10
1295,v07p204,ch42pa11
1296,v07p207,ch42pa12
1297,v07p210,ch42pa13
1298,v07p213,ch42pa14
1299,v07p216,ch42pa15
1300,v07p218,ch42pa16
1301,v07p221,ch42pa17
1302,v07p223,ch42pa18
1303,v07p225,ch42pa19
1304,v07p228,ch42pa20
1305,v07p230,ch42pa21
1306,v07p235,ch43pa01
1307,v07p239,ch43pa03
1308,v07p242,ch43pa04
1309,v07p244,ch43pa05
1310,v07p246,ch43pa06
1311,v07p248,ch43pa07
1312,v07p250,ch43pa08
1313,v07p252,ch43pa09
1314,v07p253,ch43pa10
1315,v07p256,ch43pa11
1316,v07p258,ch43pa12
1317,v07p261,ch43pa13
1318,v07p263,ch43pa14
1319,v07p265,ch43pa15
1320,v07p267,ch43pa16
1321,v07p271,ch43pa17
1322,v07p272,ch43pa18
1323,v07p275,ch43pa19
1324,v07p277,ch43pa20
1325,v07p280,ch43pa21
1326,v07p282,ch43pa22
1327,v07p284,ch43pa23
1328,v07p285,ch43pa24
1329,v07p288,ch43pa25
1330,v07p291,ch43pa26
1331,v07p293,ch43pa28
1332,v07p296,ch43pa29
1333,v07p299,ch43pa30
1334,v07p301,ch44pa01
1335,v07p303,ch44pa02
1336,v07p305,ch44pa03
1337,v07p307,ch44pa04
1338,v07p308,ch44pa05
1339,v07p311,ch44pa06
1340,v07p312,ch44pa07
1341,v07p316,ch44pa08
1342,v07p318,ch44pa09
1343,v07p321,ch44pa10
1344,v07p322,ch44pa11
1345,v07p324,ch44pa12
1346,v07p326,ch44pa13
1347,v07p329,ch44pa14
1348,v07p331,ch44pa15
1349,v07p333,ch44pa16
1350,v07p336,ch44pa17
1351,v07p337,ch44pa18
1352,v07p338,ch44pa19
1353,v07p340,ch44pa20
1354,v07p342,ch44pa21
1355,v07p345,ch44pa22
1356,v07p347,ch44pa23
1357,v07p348,ch44pa24
1358,v07p350,ch44pa25
1359,v07p352,ch44pa26
1360,v07p354,ch44pa27
1361,v07p355,ch44pa28
1362,v07p359,ch44pa29
1363,v07p362,ch44pa30
1364,v07p364,ch44pa31
1365,v07p366,ch44pa32
1366,v07p367,ch44pa34
1367,v07p370,ch44pa35
1368,v07p372,ch44pa36
1369,v07p375,ch44pa37
1370,v07p377,ch44pa38
1371,v07p379,ch44pa39
1372,v07p381,ch44pa40
1373,v07p383,ch44pa41
1374,v07p385,ch44pa42
1375,v07p387,ch44pa43
1376,v07p389,ch40n1pa01
1377,v08p001,ch45pa01
1378,v08p003,ch45pa02
1379,v08p005,ch45pa03
1380,v08p007,ch45pa04
1381,v08p009,ch45pa05
1382,v08p011,ch45pa06
1383,v08p013,ch45pa07
1384,v08p015,ch45pa08
1385,v08p017,ch45pa09
1386,v08p018,ch45pa10
1387,v08p021,ch45pa11
1388,v08p022,ch45pa12
1389,v08p024,ch45pa13
1390,v08p026,ch45pa14
1391,v08p028,ch45pa15
1392,v08p030,ch45pa16
1393,v08p034,ch45pa17
1394,v08p036,ch45pa18
1395,v08p038,ch45pa19
1396,v08p041,ch45pa20
1397,v08p044,ch45pa21
1398,v08p046,ch45pa22
1399,v08p049,ch45pa23
1400,v08p050,ch46pa01
1401,v08p051,ch46pa02
1402,v08p054,ch46pa03
1403,v08p057,ch46pa04
1404,v08p060,ch46pa05
1405,v08p062,ch46pa06
1406,v08p065,ch46pa07
1407,v08p068,ch46pa08
1408,v08p073,ch46pa09
1409,v08p075,ch46pa10
1410,v08p078,ch46pa11
1411,v08p081,ch46pa12
1412,v08p084,ch46pa13
1413,v08p086,ch46pa14
1414,v08p089,ch46pa15
1415,v08p091,ch46pa16
1416,v08p094,ch46pa17
1417,v08p097,ch46pa18
1418,v08p100,ch46pa19
1419,v08p103,ch46pa20
1420,v08p106,ch46pa21
1421,v08p108,ch46pa22
1422,v08p111,ch46pa23
1423,v08p113,ch46pa24
1424,v08p116,ch46pa25
1425,v08p118,ch46pa26
1426,v08p120,ch46pa27
1427,v08p122,ch47pa01
1428,v08p123,ch47pa02
1429,v08p124,ch47pa03
1430,v08p126,ch47pa04
1431,v08p128,ch47pa05
1432,v08p130,ch47pa06
1433,v08p132,ch47pa07
1434,v08p134,ch47pa08
1435,v08p135,ch47pa09
1436,v08p137,ch47pa10
1437,v08p140,ch47pa11
1438,v08p141,ch47pa12
1439,v08p144,ch47pa13
1440,v08p147,ch47pa14
1441,v08p149,ch47pa15
1442,v08p151,ch47pa16
1443,v08p153,ch47pa17
1444,v08p156,ch47pa18
1445,v08p159,ch47pa19
1446,v08p161,ch47pa20
1447,v08p162,ch47pa21
1448,v08p165,ch47pa22
1449,v08p168,ch47pa23
1450,v08p170,ch47pa24
1451,v08p173,ch47pa25
1452,v08p176,ch47pa26
1453,v08p178,ch47pa27
1454,v08p182,ch47pa28
1455,v08p185,ch47pa29
1456,v08p188,ch47pa30
1457,v08p191,ch47pa31
1458,v08p194,ch47pa32
1459,v08p197,ch47pa33
1460,v08p200,ch47pa34
1461,v08p202,ch47pa35
1462,v08p205,ch47pa36
1463,v08p207,ch47pa37
1464,v08p209,ch47pa38
1465,v08p211,ch47pa39
1466,v08p215,ch48pa01
1467,v08p217,ch48pa02
1468,v08p218,ch48pa03
1469,v08p221,ch48pa04
1470,v08p222,ch48pa05
1471,v08p223,ch48pa06
1472,v08p226,ch48pa07
1473,v08p227,ch48pa08
1474,v08p229,ch48pa09
1475,v08p230,ch48pa10
1476,v08p233,ch48pa11
1477,v08p234,ch48pa12
1478,v08p236,ch48pa13
1479,v08p238,ch48pa14
1480,v08p240,ch48pa15
1481,v08p242,ch48pa16
1482,v08p243,ch48pa17
1483,v08p245,ch48pa18
1484,v08p248,ch48pa19
1485,v08p249,ch48pa20
1486,v08p251,ch48pa21
1487,v08p253,ch48pa22
1488,v08p256,ch48pa23
1489,v08p258,ch48pa24
1490,v08p261,ch48pa25
1491,v08p264,ch48pa26
1492,v08p266,ch48pa27
1493,v08p267,ch48pa28
1494,v08p268,ch48pa29
1495,v08p270,ch48pa30
1496,v08p273,ch48pa31
1497,v08p275,ch48pa32
1498,v08p279,ch48pa33
1499,v08p282,ch48pa34
1500,v08p285,ch48pa35
1501,v08p287,ch48pa36
1502,v08p289,ch48pa37
1503,v08p291,ch48pa38
1504,v08p294,ch48pa39
1505,v08p296,ch48pa40
1506,v08p298,ch48pa41
1507,v08p299,ch48pa42
1508,v08p300,ch48pa43
1509,v08p303,ch48pa44
1510,v08p306,ch48pa45
1511,v08p308,ch48pa47
1512,v08p309,ch49pa01
1513,v08p310,ch49pa02
1514,v08p312,ch49pa03
1515,v08p316,ch49pa04
1516,v08p318,ch49pa05
1517,v08p321,ch49pa06
1518,v08p324,ch49pa07
1519,v08p326,ch49pa08
1520,v08p329,ch49pa09
1521,v08p332,ch49pa10
1522,v08p335,ch49pa11
1523,v08p337,ch49pa12
1524,v08p340,ch49pa13
1525,v08p342,ch49pa14
1526,v08p344,ch49pa15
1527,v08p347,ch49pa16
1528,v08p350,ch49pa17
1529,v08p352,ch49pa18
1530,v08p354,ch49pa19
1531,v08p356,ch49pa20
1532,v08p359,ch49pa21
1533,v08p363,ch49pa22
1534,v08p368,ch49pa23
1535,v08p370,ch49pa24
1536,v08p371,ch49pa25
1537,v08p373,ch49pa26
1538,v08p375,ch49pa27
1539,v08p379,ch49pa28
1540,v08p383,ch49pa29
1541,v08p385,ch49pa30
1542,v08p386,ch49pa31
1543,v08p388,ch49pa32
1544,v08p390,ch49pa33
1545,v08p391,ch49pa34
1546,v08p393,ch49pa35
1547,v08p395,ch45n1pa01
1548,v09p001,ch50pa01
1549,v09p005,ch50pa03
1550,v09p008,ch50pa04
1551,v09p010,ch50pa05
1552,v09p013,ch50pa06
1553,v09p016,ch50pa07
1554,v09p018,ch50pa08
1555,v09p021,ch50pa09
1556,v09p026,ch50pa10
1557,v09p029,ch50pa11
1558,v09p032,ch50pa12
1559,v09p035,ch50pa13
1560,v09p038,ch50pa14
1561,v09p041,ch50pa15
1562,v09p043,ch50pa16
1563,v09p046,ch50pa17
1564,v09p049,ch50pa18
1565,v09p050,ch50pa19
1566,v09p053,ch50pa20
1567,v09p056,ch50pa21
1568,v09p059,ch50pa22
1569,v09p061,ch50pa23
1570,v09p062,ch50pa24
1571,v09p065,ch50pa25
1572,v09p069,ch50pa26
1573,v09p071,ch50pa27
1574,v09p074,ch50pa28
1575,v09p077,ch50pa29
1576,v09p080,ch50pa31
1577,v09p083,ch50pa32
1578,v09p086,ch50pa33
1579,v09p090,ch50pa34
1580,v09p091,ch50pa35
1581,v09p092,ch50pa36
1582,v09p094,ch50pa37
1583,v09p097,ch50pa38
1584,v09p100,ch50pa39
1585,v09p101,ch50pa40
1586,v09p104,ch50pa41
1587,v09p107,ch50pa42
1588,v09p109,ch50pa43
1589,v09p111,ch51pa01
1590,v09p114,ch51pa02
1591,v09p116,ch51pa03
1592,v09p119,ch51pa04
1593,v09p120,ch51pa05
1594,v09p123,ch51pa06
1595,v09p127,ch51pa07
1596,v09p129,ch51pa08
1597,v09p131,ch51pa09
1598,v09p134,ch51pa10
1599,v09p137,ch51pa11
1600,v09p139,ch51pa12
1601,v09p141,ch51pa13
1602,v09p144,ch51pa14
1603,v09p146,ch51pa15
1604,v09p149,ch51pa16
1605,v09p151,ch51pa17
1606,v09p153,ch51pa18
1607,v09p156,ch51pa19
1608,v09p160,ch51pa20
1609,v09p163,ch51pa21
1610,v09p166,ch51pa22
1611,v09p168,ch51pa23
1612,v09p170,ch51pa24
1613,v09p172,ch51pa25
1614,v09p173,ch51pa26
1615,v09p174,ch51pa27
1616,v09p176,ch51pa28
1617,v09p179,ch51pa29
1618,v09p182,ch51pa30
1619,v09p186,ch51pa31
1620,v09p188,ch51pa32
1621,v09p191,ch51pa33
1622,v09p194,ch51pa34
1623,v09p197,ch51pa35
1624,v09p201,ch51pa36
1625,v09p202,ch51pa37
1626,v09p204,ch51pa38
1627,v09p207,ch51pa39
1628,v09p211,ch51pa41
1629,v09p214,ch51pa42
1630,v09p217,ch51pa43
1631,v09p221,ch51pa44
1632,v09p223,ch51pa45
1633,v09p226,ch51pa46
1634,v09p227,ch51pa47
1635,v09p230,ch51pa48
1636,v09p232,ch51pa49
1637,v09p234,ch51pa50
1638,v09p236,ch52pa01
1639,v09p237,ch52pa02
1640,v09p240,ch52pa03
1641,v09p242,ch52pa04
1642,v09p247,ch52pa05
1643,v09p250,ch52pa06
1644,v09p252,ch52pa07
1645,v09p254,ch52pa08
1646,v09p258,ch52pa09
1647,v09p262,ch52pa10
1648,v09p264,ch52pa11
1649,v09p267,ch52pa12
1650,v09p269,ch52pa13
1651,v09p272,ch52pa14
1652,v09p276,ch52pa15
1653,v09p278,ch52pa16
1654,v09p282,ch52pa17
1655,v09p284,ch52pa18
1656,v09p286,ch52pa19
1657,v09p288,ch52pa20
1658,v09p291,ch52pa21
1659,v09p295,ch52pa22
1660,v09p297,ch52pa23
1661,v09p300,ch52pa24
1662,v09p301,ch52pa25
1663,v09p305,ch52pa26
1664,v09p307,ch52pa27
1665,v09p309,ch52pa28
1666,v09p314,ch53pa01
1667,v09p316,ch53pa02
1668,v09p320,ch53pa03
1669,v09p322,ch53pa04
1670,v09p323,ch53pa05
1671,v09p326,ch53pa06
1672,v09p329,ch53pa07
1673,v09p331,ch53pa08
1674,v09p335,ch53pa09
1675,v09p338,ch53pa10
1676,v09p341,ch53pa11
1677,v09p345,ch53pa12
1678,v09p349,ch53pa13
1679,v09p351,ch53pa14
1680,v09p355,ch53pa16
1681,v09p357,ch53pa17
1682,v09p360,ch53pa18
1683,v09p361,ch53pa19
1684,v09p364,ch53pa20
1685,v09p367,ch53pa21
1686,v09p371,ch53pa23
1687,v09p373,ch53pa24
1688,v09p375,ch50n1pa01
1689,v10p001,ch54pa01
1690,v10p003,ch54pa02
1691,v10p006,ch54pa03
1692,v10p008,ch54pa04
1693,v10p011,ch54pa05
1694,v10p015,ch54pa06
1695,v10p018,ch54pa07
1696,v10p021,ch54pa08
1697,v10p022,ch54pa09
1698,v10p026,ch55pa01
1699,v10p027,ch55pa02
1700,v10p031,ch55pa03
1701,v10p036,ch55pa04
1702,v10p038,ch55pa05
1703,v10p040,ch55pa06
1704,v10p042,ch55pa07
1705,v10p046,ch55pa08
1706,v10p049,ch55pa09
1707,v10p052,ch55pa10
1708,v10p053,ch55pa11
1709,v10p057,ch55pa12
1710,v10p061,ch55pa13
1711,v10p062,ch55pa14
1712,v10p065,ch55pa15
1713,v10p068,ch55pa16
1714,v10p071,ch55pa17
1715,v10p075,ch56pa01
1716,v10p078,ch56pa02
1717,v10p080,ch56pa03
1718,v10p083,ch56pa04
1719,v10p087,ch56pa05
1720,v10p091,ch56pa06
1721,v10p094,ch56pa07
1722,v10p096,ch56pa08
1723,v10p099,ch56pa09
1724,v10p102,ch56pa10
1725,v10p105,ch56pa11
1726,v10p108,ch56pa12
1727,v10p111,ch56pa13
1728,v10p113,ch56pa14
1729,v10p116,ch56pa15
1730,v10p118,ch56pa16
1731,v10p121,ch56pa17
1732,v10p124,ch56pa18
1733,v10p128,ch56pa19
1734,v10p131,ch56pa20
1735,v10p133,ch56pa21
1736,v10p135,ch56pa22
1737,v10p138,ch56pa23
1738,v10p140,ch56pa24
1739,v10p144,ch56pa25
1740,v10p147,ch57pa01
1741,v10p151,ch57pa03
1742,v10p153,ch57pa04
1743,v10p156,ch57pa05
1744,v10p159,ch57pa06
1745,v10p161,ch57pa07
1746,v10p164,ch57pa08
1747,v10p166,ch57pa09
1748,v10p168,ch57pa10
1749,v10p170,ch57pa11
1750,v10p172,ch57pa12
1751,v10p175,ch57pa13
1752,v10p176,ch57pa14
1753,v10p177,ch57pa15
1754,v10p179,ch57pa16
1755,v10p182,ch57pa17
1756,v10p185,ch57pa18
1757,v10p188,ch57pa19
1758,v10p191,ch58pa01
1759,v10p193,ch58pa02
1760,v10p196,ch58pa03
1761,v10p200,ch58pa04
1762,v10p202,ch58pa05
1763,v10p206,ch58pa06
1764,v10p208,ch58pa07
1765,v10p209,ch58pa08
1766,v10p211,ch58pa09
1767,v10p215,ch58pa10
1768,v10p220,ch58pa11
1769,v10p223,ch58pa12
1770,v10p226,ch58pa13
1771,v10p229,ch58pa14
1772,v10p231,ch58pa15
1773,v10p232,ch58pa16
1774,v10p236,ch58pa17
1775,v10p238,ch58pa18
1776,v10p241,ch58pa19
1777,v10p246,ch58pa21
1778,v10p248,ch58pa22
1779,v10p251,ch58pa23
1780,v10p253,ch58pa24
1781,v10p254,ch58pa25
1782,v10p258,ch58pa26
1783,v10p260,ch58pa27
1784,v10p264,ch58pa28
1785,v10p266,ch58pa29
1786,v10p267,ch58pa30
1787,v10p269,ch58pa31
1788,v10p271,ch59pa01
1789,v10p274,ch59pa02
1790,v10p275,ch59pa03
1791,v10p277,ch59pa04
1792,v10p280,ch59pa05
1793,v10p283,ch59pa06
1794,v10p287,ch59pa07
1795,v10p289,ch59pa08
1796,v10p294,ch59pa09
1797,v10p298,ch59pa10
1798,v10p301,ch59pa11
1799,v10p303,ch59pa12
1800,v10p307,ch59pa13
1801,v10p310,ch59pa14
1802,v10p312,ch59pa15
1803,v10p315,ch59pa16
1804,v10p318,ch59pa17
1805,v10p319,ch59pa18
1806,v10p322,ch59pa19
1807,v10p325,ch59pa21
1808,v10p327,ch60pa01
1809,v10p330,ch60pa03
1810,v10p333,ch60pa04
1811,v10p336,ch60pa05
1812,v10p338,ch60pa06
1813,v10p340,ch60pa07
1814,v10p341,ch60pa08
1815,v10p344,ch60pa09
1816,v10p348,ch60pa10
1817,v10p350,ch60pa11
1818,v10p354,ch60pa12
1819,v10p357,ch60pa13
1820,v10p359,ch60pa14
1821,v10p361,ch60pa15
1822,v10p363,ch60pa16
1823,v10p366,ch60pa17
1824,v10p369,ch60pa18
1825,v10p371,ch60pa19
1826,v10p373,ch60pa20
1827,v10p376,ch60pa21
1828,v10p379,ch60pa22
1829,v10p382,ch60pa23
1830,v10p387,ch54n1pa01
1831,v11p001,ch61pa01
1832,v11p004,ch61pa02
1833,v11p008,ch61pa03
1834,v11p013,ch61pa04
1835,v11p015,ch61pa05
1836,v11p016,ch61pa06
1837,v11p017,ch61pa07
1838,v11p021,ch61pa08
1839,v11p023,ch61pa09
1840,v11p025,ch61pa10
1841,v11p028,ch61pa11
1842,v11p030,ch61pa12
1843,v11p032,ch61pa13
1844,v11p035,ch61pa14
1845,v11p038,ch61pa15
1846,v11p039,ch61pa16
1847,v11p041,ch61pa17
1848,v11p043,ch61pa18
1849,v11p045,ch61pa20
1850,v11p047,ch61pa21
1851,v11p049,ch61pa22
1852,v11p054,ch62pa01
1853,v11p057,ch62pa02
1854,v11p060,ch62pa03
1855,v11p063,ch62pa04
1856,v11p066,ch62pa05
1857,v11p068,ch62pa06
1858,v11p070,ch62pa07
1859,v11p072,ch62pa08
1860,v11p073,ch62pa09
1861,v11p076,ch62pa10
1862,v11p078,ch62pa11
1863,v11p081,ch62pa12
1864,v11p082,ch62pa13
1865,v11p084,ch62pa14
1866,v11p089,ch62pa15
1867,v11p092,ch62pa16
1868,v11p094,ch63pa01
1869,v11p096,ch63pa02
1870,v11p097,ch63pa03
1871,v11p099,ch63pa04
1872,v11p101,ch63pa05
1873,v11p102,ch63pa06
1874,v11p104,ch63pa07
1875,v11p106,ch63pa08
1876,v11p108,ch63pa09
1877,v11p110,ch63pa10
1878,v11p114,ch63pa11
1879,v11p118,ch63pa12
1880,v11p120,ch63pa13
1881,v11p123,ch63pa14
1882,v11p125,ch63pa15
1883,v11p128,ch64pa01
1884,v11p131,ch64pa03
1885,v11p135,ch64pa04
1886,v11p137,ch64pa05
1887,v11p140,ch64pa06
1888,v11p143,ch64pa08
1889,v11p145,ch64pa09
1890,v11p148,ch64pa10
1891,v11p149,ch64pa11
1892,v11p153,ch64pa13
1893,v11p155,ch64pa14
1894,v11p158,ch64pa15
1895,v11p161,ch64pa16
1896,v11p164,ch64pa17
1897,v11p166,ch64pa18
1898,v11p169,ch64pa19
1899,v11p172,ch64pa20
1900,v11p175,ch64pa21
1901,v11p177,ch64pa22
1902,v11p180,ch65pa01
1903,v11p182,ch65pa02
1904,v11p185,ch65pa03
1905,v11p187,ch65pa04
1906,v11p190,ch65pa05
1907,v11p193,ch65pa06
1908,v11p196,ch65pa07
1909,v11p200,ch65pa08
1910,v11p203,ch65pa09
1911,v11p205,ch65pa10
1912,v11p208,ch65pa11
1913,v11p209,ch65pa12
1914,v11p211,ch65pa13
1915,v11p213,ch65pa14
1916,v11p217,ch65pa15
1917,v11p221,ch65pa16
1918,v11p222,ch65pa17
1919,v11p224,ch65pa18
1920,v11p225,ch65pa19
1921,v11p227,ch65pa20
1922,v11p230,ch65pa21
1923,v11p232,ch66pa01
1924,v11p235,ch66pa02
1925,v11p237,ch66pa03
1926,v11p239,ch66pa04
1927,v11p242,ch66pa05
1928,v11p245,ch66pa06
1929,v11p248,ch66pa07
1930,v11p252,ch66pa08
1931,v11p256,ch66pa10
1932,v11p260,ch66pa11
1933,v11p262,ch66pa12
1934,v11p264,ch66pa13
1935,v11p266,ch66pa14
1936,v11p269,ch66pa15
1937,v11p271,ch66pa16
1938,v11p273,ch66pa17
1939,v11p275,ch66pa18
1940,v11p279,ch66pa19
1941,v11p281,ch66pa20
1942,v11p283,ch66pa21
1943,v11p286,ch66pa22
1944,v11p288,ch66pa23
1945,v11p291,ch66pa24
1946,v11p293,ch67pa01
1947,v11p296,ch67pa02
1948,v11p298,ch67pa03
1949,v11p300,ch67pa04
1950,v11p302,ch67pa05
1951,v11p303,ch67pa06
1952,v11p306,ch67pa07
1953,v11p307,ch67pa08
1954,v11p309,ch67pa09
1955,v11p312,ch67pa10
1956,v11p313,ch67pa11
1957,v11p315,ch67pa12
1958,v11p321,ch67pa13
1959,v11p323,ch67pa14
1960,v11p327,ch61n1pa01
1961,v12p001,ch68pa01
1962,v12p004,ch68pa02
1963,v12p005,ch68pa03
1964,v12p009,ch68pa04
1965,v12p011,ch68pa05
1966,v12p013,ch68pa06
1967,v12p016,ch68pa07
1968,v12p017,ch68pa08
1969,v12p020,ch68pa09
1970,v12p021,ch68pa10
1971,v12p024,ch68pa11
1972,v12p026,ch68pa12
1973,v12p028,ch68pa13
1974,v12p032,ch68pa14
1975,v12p035,ch68pa15
1976,v12p038,ch68pa16
1977,v12p039,ch68pa17
1978,v12p041,ch68pa18
1979,v12p045,ch68pa19
1980,v12p046,ch68pa20
1981,v12p048,ch68pa21
1982,v12p049,ch68pa22
1983,v12p051,ch68pa23
1984,v12p052,ch68pa24
1985,v12p054,ch68pa25
1986,v12p057,ch68pa26
1987,v12p061,ch68pa27
1988,v12p065,ch69pa01
1989,v12p066,ch69pa02
1990,v12p069,ch69pa03
1991,v12p072,ch69pa04
1992,v12p074,ch69pa05
1993,v12p078,ch69pa06
1994,v12p081,ch69pa07
1995,v12p083,ch69pa08
1996,v12p087,ch69pa09
1997,v12p091,ch69pa10
1998,v12p092,ch69pa11
1999,v12p093,ch69pa12
2000,v12p095,ch69pa13
2001,v12p096,ch69pa14
2002,v12p100,ch69pa15
2003,v12p103,ch69pa16
2004,v12p107,ch69pa17
2005,v12p109,ch69pa18
2006,v12p111,ch69pa19
2007,v12p114,ch69pa20
2008,v12p117,ch69pa21
2009,v12p123,ch70pa01
2010,v12p126,ch70pa02
2011,v12p129,ch70pa03
2012,v12p131,ch70pa04
2013,v12p133,ch70pa05
2014,v12p136,ch70pa06
2015,v12p137,ch70pa07
2016,v12p139,ch70pa08
2017,v12p141,ch70pa09
2018,v12p144,ch70pa10
2019,v12p146,ch70pa11
2020,v12p148,ch70pa12
2021,v12p149,ch70pa13
2022,v12p150,ch70pa14
2023,v12p152,ch70pa15
2024,v12p154,ch70pa16
2025,v12p155,ch70pa17
2026,v12p159,ch70pa18
2027,v12p162,ch70pa19
2028,v12p163,ch70pa20
2029,v12p165,ch70pa21
2030,v12p167,ch70pa22
2031,v12p169,ch70pa23
2032,v12p172,ch70pa24
2033,v12p174,ch70pa25
2034,v12p175,ch70pa26
2035,v12p177,ch70pa27
2036,v12p182,ch71pa01
2037,v12p183,ch71pa02
2038,v12p186,ch71pa03
2039,v12p187,ch71pa04
2040,v12p191,ch71pa06
2041,v12p193,ch71pa07
2042,v12p198,ch71pa08
2043,v12p202,ch71pa09
2044,v12p204,ch71pa10
2045,v12p206,ch71pa11
2046,v12p208,ch71pa12
2047,v12p210,ch71pa13
2048,v12p213,ch71pa14
2049,v12p215,ch68n1pa01
